member_id,first_name,middle_name,last_name
47259,Bessie,B,Kuphal
17847,Candice,C,Block
61554,Margaret,B,Bartell
81254,Lenny,B,Brown
67427,Julien,B,Daugherty
60537,Rowena,A,Mertz
59071,Napoleon,A,Barrows
86128,Roy,C,Reichel
16802,Lavon,C,Stokes
46275,Tiara,A,Leannon
24489,Brenna,A,Hayes
72985,Jose,A,Stoltenberg
40364,Garfield,C,Kunde
79757,Bernadette,B,Mertz
47591,Verner,C,Strosin
1229,Jensen,C,Walker
66820,Nettie,B,MacGyver
12696,Trent,A,Hagenes
18655,Alysson,B,Wolff
93100,Wilfredo,B,Borer
58911,Rolando,B,Langworth
45558,Antoinette,A,Wisoky
22331,Anissa,A,Pfannerstill
68627,Lorenz,A,Emmerich
73462,Jazlyn,B,Runolfsson
10393,Pauline,C,Satterfield
49557,Amanda,A,Abbott
9818,Arthur,C,Collins
69499,Odie,B,Harber
78525,Sabrina,C,Heathcote
45355,Princess,B,Greenholt
69247,Allen,B,Koepp
22570,Broderick,A,Huel
58031,Jarrell,C,Walsh
52957,Hassie,C,Hilll
73373,Rudy,A,Block
55131,Kamren,A,Heidenreich
31822,Elliott,C,Schneider
84177,Guiseppe,C,Stanton
31794,Wyman,A,Conroy
70764,Ward,C,Johns
66784,Alanna,A,Wunsch
98355,Moses,C,Corwin
14407,Hershel,C,Pagac
26377,Dejah,A,O'Hara
56155,Rickie,C,Roob
52925,Daren,A,Ratke
67430,Darryl,B,Ratke
99487,Linda,A,Hamill
39602,Hipolito,B,Schmitt
9020,Waino,A,Parisian
24959,Verner,B,Douglas
7120,Gerald,C,Koelpin
31993,Jonathon,A,McLaughlin
99407,Elena,B,Brakus
11522,Chaz,A,Kulas
25636,Barrett,B,Roob
34977,Bailee,B,Feest
25024,Frida,B,Rolfson
8431,Demario,C,Runolfsdottir
85504,Alessia,C,Goyette
69309,Yesenia,C,Ritchie
56441,Lisandro,A,Lynch
94997,Delpha,C,Wiza
26648,Iliana,B,Cronin
53466,Bill,A,Fahey
81617,Ernie,C,Bechtelar
4736,Rosa,A,Rempel
50513,Carlotta,C,Klein
36615,Tamara,C,Yost
97086,Clinton,A,Borer
57,Elaina,C,Kuhn
89314,Porter,C,McCullough
67322,Wilbert,B,Mosciski
95348,Kendrick,B,Schmeler
92864,Coy,C,Graham
9703,Ike,B,Bins
81661,Marcos,A,Mante
59373,Clara,C,Thompson
77617,Holden,A,Emard
77154,Linda,B,Towne
45887,Tia,C,Weissnat
81832,Jaida,B,Bradtke
25066,Destiney,A,Blick
14077,Davion,B,Ledner
86935,Marty,C,Rempel
24060,Woodrow,A,Labadie
86272,Dolly,B,Parker
27656,Lorna,C,Harris
33775,Jessika,C,Emmerich
99084,Justus,C,Wintheiser
61785,Tressa,B,Turner
2100,Kasandra,A,Kunde
59609,Marielle,A,D'Amore
13219,Kay,B,Brown
50511,Jodie,A,Corkery
44334,Maynard,A,Kozey
36665,Nova,C,Johns
3018,Amya,C,DuBuque
64998,Conner,B,Hermann
51152,Baron,B,Weissnat
27051,Granville,C,Kohler
73147,Gerson,B,Hilpert
2572,Natasha,A,Little
8818,Arnoldo,B,Kris
41201,Domenica,B,Wiza
43230,Clotilde,C,McKenzie
40272,Cecelia,B,Watsica
70484,Chelsie,A,Hansen
94337,Shanelle,B,Langworth
64919,Hilario,A,Cummings
43579,Dewitt,B,Spencer
52033,Kenyatta,C,Bruen
34104,Andreanne,B,Murphy
99399,Amiya,A,Kreiger
5350,Janessa,B,Stracke
18041,Jessyca,B,Raynor
66642,Kasey,A,Mueller
23669,Ollie,B,Cassin
29211,Vince,C,West
85117,Grant,B,Zboncak
26877,Jordane,C,Greenholt
58239,Maryjane,C,Schaden
47297,Raul,C,Kreiger
64437,Gordon,C,Torphy
8393,Keegan,C,Weber
77967,Kavon,A,Schulist
83126,Bennie,A,Brekke
32846,Billy,B,Hartmann
53480,Fletcher,B,Padberg
84223,Niko,A,Shields
19065,Brionna,B,O'Conner
8224,Lilly,A,Gutkowski
20277,Emery,A,Senger
43456,Deon,A,Baumbach
4012,Tyler,C,Lemke
33021,Lela,C,Denesik
4841,Tod,B,Dietrich
42501,Lera,A,Stark
70548,Mayra,C,Gerlach
11670,Esmeralda,C,Jacobi
7156,Shannon,B,Thiel
98005,Ruthe,C,Kihn
39525,Jordyn,C,Orn
2263,Joe,B,Hirthe
8866,Devin,B,Hirthe
62761,Madie,A,Koch
90979,Cara,A,Lynch
78333,Denis,C,Ziemann
84884,Keon,B,Champlin
25322,Phoebe,A,Huel
35625,Cecil,C,Shields
87645,Pink,B,Zulauf
62713,Lolita,A,Wiza
27180,Wyman,A,Heidenreich
69185,Laila,C,Lehner
25341,Marcelle,C,Hickle
59180,Aaliyah,C,Labadie
8647,Janis,A,Mohr
32052,Glenda,B,Kulas
20240,Tressa,A,Schaefer
89722,Leola,B,Dickinson
9872,Lazaro,A,Rosenbaum
12744,Brook,A,Zboncak
97720,Foster,C,Kuhn
4692,Harrison,A,Von
3673,Ryan,B,Bogan
66103,Elouise,C,Williamson
19838,Madison,A,Hettinger
8153,Abby,B,Feest
39462,Filiberto,B,Bogisich
53096,Nolan,B,DuBuque
84262,Henriette,B,Wintheiser
26464,Aleen,C,Hintz
66093,Roxanne,A,Greenfelder
52461,Tianna,C,Walsh
96356,Javon,C,Grant
64538,Zena,A,Legros
29893,Camilla,A,Lakin
20414,Mathias,B,Pfannerstill
39276,Sean,B,Heller
88995,Pasquale,A,Breitenberg
89943,Javon,A,Batz
44200,Genesis,B,Kertzmann
83163,Calista,C,Tillman
23428,Jedediah,C,Lindgren
99014,Brendan,A,Johns
83913,Leila,A,Koelpin
23080,Raven,C,Murray
99076,Annabel,B,Lang
17727,Tatyana,C,Lynch
27293,Jace,C,Moore
7805,Andy,C,Koss
9243,Reagan,C,Rau
77221,Maybell,A,O'Kon
83331,Cleta,B,Jast
88793,Genoveva,C,Kreiger
26741,Isai,C,Kuhic
96931,Sabrina,A,Bartoletti
61179,Marianne,B,Feil
77357,Tianna,B,Kemmer
98038,Marjory,B,Connelly
67349,Jadon,B,Gorczany
58794,Mose,C,McCullough
82030,Garrick,C,Klein
79461,Tod,B,Littel
5834,Aiyana,B,Ledner
35514,Prince,C,Rohan
25051,Ruben,A,Armstrong
46965,Floyd,B,Harris
43905,Hiram,A,Quigley
47770,Carol,C,Lesch
96313,Oran,A,Crooks
36912,Erling,A,Cummerata
85831,Don,B,Bartell
44578,Thurman,A,Lemke
57438,Carter,A,Schowalter
40670,Ashleigh,B,Botsford
35157,Hollis,C,Altenwerth
29546,Dudley,B,Kilback
65255,Elna,A,Glover
70160,Evan,A,Cormier
73508,Houston,B,Wilkinson
2634,Kirstin,B,Shields
47035,Betsy,C,Kemmer
23725,Angus,A,Waelchi
4425,Weston,B,Leuschke
17200,Marilie,B,Swift
97215,Myles,A,Schroeder
65068,Alda,B,Kerluke
669,Zoey,A,Weissnat
23674,Ubaldo,C,Rolfson
88173,Lula,A,Kautzer
18934,Valerie,C,Yost
10232,Raymundo,A,Rutherford
18755,Jakayla,B,Nader
21310,Doris,A,O'Keefe
93848,Alexys,C,Larson
53701,Pasquale,C,Kub
98721,Halie,B,Bergnaum
72693,Javon,B,Sanford
63144,Sonya,B,Sanford
7166,Burnice,B,Marvin
21326,Granville,B,Keeling
68822,Kaylie,B,Gusikowski
20108,Amina,C,Dickens
88107,Nelle,A,Ledner
40467,Hermina,A,Nikolaus
77487,Odie,B,Murphy
2541,Ethan,A,Miller
7658,Vernie,B,Krajcik
87987,Dakota,C,Murphy
40137,Jovanny,B,Rodriguez
9853,Mateo,B,Hahn
54995,Jaydon,C,Reynolds
29868,Justice,C,Jacobson
82503,Kory,C,Willms
21504,Breanna,B,Schuppe
28550,Erica,C,Larkin
89977,Jefferey,A,Bechtelar
50046,Shania,B,Satterfield
76919,Lolita,C,Grant
8150,Marilou,B,Hoeger
53942,Braden,B,White
72538,Flossie,B,Jacobson
63629,Johan,B,West
9378,Stephania,C,Kihn
86183,Louie,C,Prohaska
21544,Ken,B,Heidenreich
91052,Jerald,A,Bartoletti
55504,Tillman,B,Ruecker
25445,Haskell,C,Bernhard
1793,Elinor,C,Gottlieb
20416,Xzavier,A,Emmerich
22746,Jada,A,Hauck
28554,Myrl,A,Fadel
64896,Noemi,A,Becker
17346,Eldora,C,Mann
73149,Jewell,B,Weimann
1254,Stephan,B,Homenick
54761,Verlie,C,Carter
61174,Elroy,B,D'Amore
61051,Cheyanne,A,Howell
56555,Kaelyn,A,Prohaska
78099,Newell,C,Walker
73000,Lulu,B,Simonis
70289,Matilde,B,Howell
39644,Gail,B,Romaguera
23327,Travis,B,Prosacco
85231,Pedro,B,Corkery
63596,Darrell,B,Pagac
94254,Fredrick,B,Lynch
62452,Albina,B,Jast
80091,Alfred,A,Schamberger
79025,Ally,A,Bahringer
89345,Meghan,C,Rippin
95394,Erika,A,Dickinson
44648,Cleveland,B,Schmidt
63811,Emiliano,A,Klein
76706,Antonia,B,McGlynn
6448,Margaretta,C,Cartwright
42672,Kailey,B,Krajcik
34853,Julianne,C,Bins
12792,Garrick,B,Dibbert
3361,Noel,B,Sauer
61608,Craig,A,Wunsch
24830,Karolann,A,Glover
76261,Santina,C,Kovacek
84490,Nova,B,Lynch
8210,Martin,A,Ryan
509,Ubaldo,A,Hand
38632,Ariane,A,Block
789,Sunny,A,Toy
85868,Korey,A,West
42305,Elbert,B,Goyette
23524,Wilson,C,Ward
92974,Lennie,B,Zboncak
3421,Ron,B,Keeling
9466,Alberto,C,O'Hara
22397,Madalyn,B,Schneider
99614,Julien,A,Wintheiser
12699,Elijah,B,Runolfsdottir
86671,Camilla,C,Larson
40350,Leo,B,Krajcik
9858,Marian,C,Schinner
73580,Nina,B,Carroll
79719,Kraig,C,Schroeder
44258,Arlene,B,Marvin
56276,Cristina,B,Ullrich
85474,Samson,C,Buckridge
92580,Tatum,A,Schowalter
27612,Charley,B,Bauch
69924,Rickie,A,Renner
77978,Shanny,B,Champlin
95336,Sophia,A,Jakubowski
28991,Cecile,C,Ankunding
11075,Alexandro,A,Towne
30207,Caleigh,B,Waelchi
35039,Jadon,B,Kertzmann
88587,Judson,B,Herman
16571,Flavie,B,Krajcik
97102,Enos,B,Ledner
6032,Leda,C,Treutel
36866,Georgiana,C,Barrows
21886,Earnest,B,Schiller
72510,Francesca,B,Cruickshank
7625,Maurice,A,Fahey
10096,Cory,A,Runolfsson
34795,Allen,A,Raynor
86392,Daphne,A,Hane
18125,Joe,B,Stamm
54593,Melyna,A,Kerluke
93612,Carlotta,C,Haag
7735,Rolando,A,Ratke
95081,Lucious,B,Blick
11309,Zula,A,Wiza
93357,Larue,C,Abbott
54288,Marie,C,Considine
1740,Micah,A,Kovacek
15965,Janick,B,Altenwerth
13104,Tia,B,Schmitt
67460,Jay,C,Mohr
26255,Marcia,B,Herman
50927,Christy,B,Schroeder
98830,Cornelius,B,Gislason
23056,Tabitha,C,Hamill
88549,Deion,B,Kuvalis
51985,Joelle,B,VonRueden
27988,Brooke,A,Rodriguez
42753,Sabrina,B,Roob
99672,Deshaun,A,Gutkowski
78749,May,A,Roberts
9273,Chance,B,Bogisich
21343,Issac,C,Bayer
72481,Aryanna,B,Lockman
86202,Trudie,C,Powlowski
1177,Yazmin,A,Tremblay
66408,Berry,C,Upton
19302,Lola,A,Beahan
50024,Justine,B,Graham
97582,Juvenal,C,Howe
37835,Olen,C,Reichert
75960,Gunnar,B,Jakubowski
16744,Isabel,B,Wehner
12658,Salvador,C,Langosh
1570,Maryse,B,Keeling
31856,Jalon,A,Weissnat
87722,Marina,A,Deckow
96821,Waylon,A,Donnelly
76059,Kian,C,Maggio
70233,Armando,C,Jaskolski
76980,Norris,A,Marks
3896,Kareem,A,Beier
53208,Tanya,A,Torp
73774,Werner,B,Hackett
37390,Callie,C,Effertz
37917,Enrico,A,Beahan
71564,Daphney,B,Nienow
8266,Hanna,A,Crooks
85872,Sister,A,Gutmann
43463,Gladyce,C,Kuhn
75509,Lloyd,B,Abbott
29031,Elnora,A,Larson
78082,Estella,B,Conroy
43124,Ansel,A,Hand
28871,Armand,B,Hilll
548,Isac,B,Mosciski
86440,Dalton,B,Moore
69834,Mercedes,C,Schiller
57370,Jamarcus,B,MacGyver
8574,Ethelyn,B,Bernhard
76765,Garth,C,Balistreri
17493,Diego,A,Ratke
51526,Estevan,A,Kerluke
59232,Malcolm,B,Heller
1653,Lucile,C,Fahey
28936,Celine,B,Daniel
74919,Wiley,A,Rath
11080,Aurelio,B,Bogisich
12310,Merl,C,Cronin
36333,Burley,A,Hodkiewicz
19922,Osvaldo,B,Ward
46778,Carole,B,Kuvalis
91964,Esmeralda,A,Nitzsche
96307,Wilfred,C,Goodwin
8721,Clark,B,Dicki
85227,Leonor,A,Labadie
31544,Dillon,A,Nitzsche
18321,Antonina,B,Hilpert
2381,Scot,C,Koelpin
50676,Kraig,A,Rippin
21830,Lupe,A,Cummings
68840,Toby,C,Prohaska
18763,Maxie,B,Bogisich
6710,Deion,A,Morissette
8862,Norwood,C,Towne
82338,Cathryn,C,Rosenbaum
82338,Gunnar,A,Jast
48069,Jazmyn,A,Mante
63744,Georgiana,B,Hegmann
66487,Hollie,B,Stracke
34068,Ursula,C,D'Amore
15301,Leone,A,Yundt
97594,Tess,C,Barrows
14498,Ramona,C,Leannon
41161,Bertrand,A,Nicolas
58618,Jonas,A,Hartmann
1799,Yvette,C,Dooley
75195,Wilfrid,C,Wehner
37787,Darrin,A,Cummerata
76886,Herta,C,Russel
65693,Alexys,A,Klocko
80424,Antwan,C,Raynor
60468,Robin,A,Cartwright
97261,Dena,A,Daniel
66791,Ola,B,Schoen
28710,Alessandro,C,Ritchie
85465,Halie,C,Rippin
61677,Delmer,B,Rau
32198,Herminia,B,Lockman
55494,Velma,C,Bogisich
41280,Mariela,A,Pfeffer
59838,Benjamin,A,Metz
95159,Britney,B,Wolf
49154,Calista,A,Christiansen
78464,Emanuel,A,McCullough
86300,Ora,B,Dare
89596,Brycen,A,Blanda
4434,Jamel,A,Will
98268,Laura,C,Dooley
11431,Ivah,A,Jacobi
94469,Jordon,C,Harvey
62178,Mervin,A,Mueller
59127,Virginie,C,Legros
59695,Marcos,C,Buckridge
30023,Neoma,A,Runte
88273,Jaren,A,Tremblay
45590,Althea,B,Wehner
60809,Skye,A,Stoltenberg
32840,Enoch,C,Lowe
80481,Jeramie,C,Reilly
37078,Augusta,C,Bogisich
48824,Keshaun,C,Treutel
16139,Larue,A,Fritsch
22345,Percival,B,Lynch
53538,Millie,C,Gibson
5089,Bradly,C,Smitham
99454,Dell,B,Lehner
49578,Mayra,A,Kub
55785,Ruthie,A,O'Reilly
77290,Abbie,B,Kozey
23027,Jessie,A,Crooks
99517,Kiara,A,Moen
33172,Selina,C,Larkin
86038,Zachery,B,Donnelly
54877,Alfonzo,C,Tromp
68172,Nickolas,A,Turner
22615,Kristin,B,Tillman
12105,Marcos,A,Green
46120,Karley,C,Durgan
59145,Thaddeus,A,Weissnat
70948,Edwina,A,Konopelski
95604,Heidi,A,Ledner
98300,George,A,Mitchell
25937,Naomi,A,Schinner
69179,Dawn,A,Lowe
91789,Keon,A,Sawayn
3198,Carrie,B,Reichert
40150,Rebecca,A,Quigley
30803,Deshaun,A,Murphy
75717,Doug,B,Marks
43605,Gwen,B,Kuhlman
64355,Kamryn,C,Russel
44474,Dahlia,B,Bednar
26938,Erica,A,Emmerich
5395,Koby,B,Casper
58456,Jonathan,B,Dare
32610,Nella,C,Swaniawski
47467,Maximus,A,Koepp
67601,Antonietta,A,Larson
48282,Jensen,A,Kunze
19909,Reese,C,Anderson
52377,Berta,A,Veum
21236,Kendall,A,Pouros
24869,Chet,B,Breitenberg
6947,Stone,B,Ortiz
55146,Grant,C,Klocko
13593,Marcella,A,Jones
69762,Daryl,B,Ziemann
29460,Ryan,B,Keeling
4773,Maximillia,A,Muller
71563,Anita,C,Miller
88746,Giles,B,Lebsack
98279,Mervin,B,Kshlerin
50400,Marion,C,Bartell
35515,Hunter,A,Torp
61142,Vidal,B,Wilderman
76176,Gordon,A,Heidenreich
18451,Eusebio,A,Stamm
64785,Greg,C,Parker
38457,Brooke,C,Krajcik
3512,Alyson,C,Abshire
82185,Lilla,B,Padberg
96433,Javier,A,Lang
27079,Frederique,A,Heathcote
33220,Vicenta,C,Nader
67339,Ephraim,C,Gutmann
68228,Abigayle,C,O'Reilly
69806,Lizeth,C,Koch
12201,Alene,C,Smitham
95817,Kellie,A,Franey
6972,Colin,B,Waelchi
65513,Emmet,A,Lockman
47198,Jeff,B,Bode
88765,Ashly,A,Morissette
85156,Cullen,A,Aufderhar
59904,Niko,B,Anderson
90871,Guadalupe,C,Schmitt
5016,Elise,A,Halvorson
60529,Jaylin,A,Cartwright
75084,Julius,A,Kuhlman
15370,Kieran,A,Moen
36986,Dewitt,B,Schoen
58884,Carole,A,Gutkowski
24143,Katlynn,A,Pfeffer
81698,Jude,A,Koepp
38332,Lucius,C,Balistreri
23459,Alisa,B,Howell
67294,Iliana,A,Considine
37410,Garry,A,Huel
16093,Pierre,C,Pagac
499,Annamarie,A,Bechtelar
29980,Rashawn,C,Gottlieb
43685,Bartholome,A,Fritsch
36479,Haven,A,Fisher
61573,Nadia,A,Stroman
97845,Stephania,C,Gottlieb
97994,Garrick,B,MacGyver
1789,Dewitt,C,Frami
88214,Gilda,C,Kunde
33475,Cristobal,A,Reichel
29635,Ally,B,Friesen
46457,Vivian,A,Koss
4336,Calista,B,Herman
39911,Myriam,A,Kiehn
73759,Jacynthe,A,Welch
54111,Else,B,Thiel
7367,Liza,B,O'Reilly
65897,Shanny,C,Satterfield
82867,Mose,A,Huels
12110,Edna,A,Jacobi
48916,Delfina,B,O'Reilly
56752,Alanna,A,Nolan
21228,Alec,B,Hegmann
37510,Georgianna,C,Reynolds
65395,Dayana,C,Prohaska
4573,Tillman,C,Pagac
76524,Tyrell,C,Kutch
69576,Forest,B,Williamson
98228,Mazie,A,Wisozk
75238,Isai,C,Wunsch
7875,Enoch,C,Schulist
8296,Jerod,A,Miller
44248,Abigale,C,Koch
50693,Marjolaine,C,Pollich
47019,Jazmyne,A,Lynch
23290,Piper,C,Lindgren
82117,Meaghan,B,Rippin
28572,Mason,A,Weimann
99979,Austyn,C,Cassin
44769,Eliseo,A,Ruecker
61790,Brandt,B,Lowe
98075,Marietta,A,Nicolas
97040,Ava,A,Bayer
41444,Fabiola,A,Frami
44096,Dorothea,C,Morissette
26910,Cielo,B,Connelly
12800,Nasir,C,Davis
6017,Danyka,A,Leffler
11977,Katelin,B,Bernier
62720,Taya,B,Hodkiewicz
42820,Kaitlin,A,Bailey
28951,Kayley,A,Wolf
36184,Telly,C,Nader
32545,Elvie,A,Gibson
16111,Madyson,A,Pollich
3455,Mitchel,A,McKenzie
67688,Emiliano,B,Koepp
7407,Lane,A,Jerde
11643,Kayden,C,Kiehn
70263,Xander,A,Anderson
64411,Darrin,C,Becker
19958,Dustin,A,Oberbrunner
33613,Ludie,B,Macejkovic
82718,Karley,B,Steuber
15032,Geovanny,B,Huel
71467,Mya,C,Beahan
96118,Darrin,A,West
87070,Otho,C,Weber
37992,Dan,C,Witting
7807,Jailyn,B,Kling
4344,Bettie,A,Ullrich
95867,Sebastian,C,Bashirian
58943,Harrison,A,Wolf
95388,Bethel,A,Cummings
52631,Ellie,C,Feest
46951,Kristy,C,Witting
87075,Cole,C,Reichel
15674,Ashlee,A,Dare
20120,Toney,A,Blanda
46871,Diamond,C,O'Reilly
91360,Marianna,C,King
61148,Vidal,C,Harvey
1667,Keara,B,Turner
68004,Mortimer,C,Brown
13270,Macey,C,Dibbert
1366,Jarred,B,Halvorson
92849,Tyrique,C,Nikolaus
24003,Selina,B,Johns
12871,Pearline,C,Hilpert
54100,Monica,C,Ondricka
96072,Rhoda,A,Friesen
68712,Makenna,B,Kertzmann
90978,Eldred,A,Davis
25619,Agustina,A,Baumbach
52212,Urban,A,Morissette
69141,Claudie,C,McGlynn
99787,Fae,C,Crooks
33504,Thad,A,Nienow
73500,Rosie,B,Shields
71529,Edyth,B,Conn
30330,Gaston,A,Durgan
88258,Chase,A,Heller
77368,Stanley,B,Cummings
93890,Guadalupe,C,Armstrong
12355,Brielle,C,Rodriguez
75574,Helmer,A,McGlynn
47489,Evans,A,Heaney
5594,Eulalia,A,Wehner
69177,Hope,A,Mann
79748,Tate,C,Bashirian
28477,Ebony,C,Vandervort
52588,Retta,C,Prohaska
21672,Hilma,A,Gottlieb
64153,Corbin,A,Gottlieb
65666,Nathanael,A,Rowe
94196,Charity,B,Dibbert
90683,Lennie,C,Kunde
68504,Garret,B,Mann
86108,Yvonne,C,Haag
92152,Dean,A,Dibbert
55219,Victoria,A,Zieme
69926,Hulda,A,Veum
35951,Xavier,A,McLaughlin
29984,Rose,C,Bogan
51183,Mac,C,West
28981,Susanna,C,Schowalter
68370,Winnifred,C,Bartoletti
45259,Elmo,B,Kuhn
82994,Leatha,C,Schaefer
99487,Anne,B,Zboncak
40510,Joanny,B,Glover
46203,Reilly,B,Kiehn
98990,Santiago,B,Bosco
44265,Drew,B,Littel
45676,Carli,A,Harber
22019,Allene,B,Bosco
52412,Aubree,B,Gleichner
91260,Bill,C,Jacobs
13966,Nicolas,C,Nolan
52259,Landen,A,Wilderman
26946,Betsy,B,Murazik
3165,Fabiola,B,Olson
30281,Florine,C,West
45997,Eliane,B,Walter
667,Willis,A,Grant
69072,Jovany,A,Denesik
10994,Jett,C,Wolf
78159,Brent,B,Mohr
99641,Alden,A,Hilll
13816,Frankie,A,Volkman
74184,Isai,A,O'Reilly
84338,Keshaun,B,Stehr
56273,Ernesto,C,Moen
41847,Keith,C,Lockman
82925,Carolanne,B,Sauer
31235,Dave,A,Abernathy
1395,Harvey,C,Zulauf
60893,Karolann,C,Purdy
58188,Rey,A,Mann
32842,Gwen,A,Reynolds
574,Jana,C,Beatty
70395,Jorge,B,Stark
7334,Santos,A,Mayert
7057,Candace,B,Shields
72855,Isabelle,A,Blick
61171,Jane,B,Fay
9701,Roslyn,B,Cartwright
46410,Tatum,B,Cummerata
72599,Erwin,C,Harvey
58681,Carol,C,Stamm
65213,Furman,C,Reilly
13046,Arvilla,B,Heller
91619,Amie,B,Wolf
94425,Cicero,A,Kuhic
39025,Tatum,A,Goldner
49052,Humberto,A,Farrell
77471,Alfredo,C,Haag
65995,Davin,C,Fadel
57954,Camila,B,Bergstrom
19591,Filiberto,B,Pouros
204,Jaiden,C,Bradtke
23276,Devante,B,Funk
94282,Cyrus,C,Gutmann
59669,Adrian,A,Purdy
82177,Mariela,B,McGlynn
17402,Julie,C,Schmitt
78208,Gudrun,A,Walker
15440,Timmy,C,Willms
99260,Easton,A,Donnelly
15755,Mozelle,A,Zieme
84443,Leonardo,C,Koepp
6506,Frank,A,Kshlerin
79404,Kendra,B,Cole
42099,Lizzie,C,Reynolds
60491,Gunnar,A,Reichert
76928,Christiana,A,Osinski
21227,Kathlyn,A,Berge
92591,Gordon,B,Lubowitz
36635,Leatha,A,McKenzie
89062,Tanya,B,Klein
642,Jazmyn,A,Tremblay
13871,Patricia,C,Kerluke
66072,Ubaldo,B,Will
25817,Rickie,B,Kunde
33645,Khalil,C,Corkery
81128,Lue,A,Weimann
80304,Hosea,B,Funk
82648,Renee,C,Daugherty
86360,Abdullah,A,Leffler
99873,Izaiah,C,Lockman
5880,Susie,B,Gibson
19534,Elsie,A,Collins
25306,Taylor,A,Bartell
34445,Leonor,C,Funk
3518,Jayda,B,Reinger
86202,Kira,C,Lakin
15141,Ottilie,A,Thiel
12360,Marge,C,Barton
11577,Keyon,C,Dooley
33580,Clementine,A,Braun
22752,Heaven,A,Effertz
34153,Rae,B,Mraz
98911,Alfred,A,Nienow
2282,Adan,C,Gibson
10682,Cynthia,C,Boyle
94667,Easton,B,Gleason
22342,Elenora,A,McGlynn
54240,Gwendolyn,B,Sporer
68454,Cecil,B,Lind
24367,Kali,C,Mante
73737,Margot,A,Legros
77373,Jacklyn,A,Smith
57308,Tabitha,C,Walsh
36840,Fritz,C,Hills
65278,Zelma,A,Turcotte
87903,Luisa,A,Zulauf
55504,Catharine,C,Rolfson
62070,Waylon,B,Fisher
65475,Bryon,C,Cummings
66204,Roscoe,C,Zemlak
55019,Violette,A,Rowe
88772,Kristofer,B,Hackett
18337,Zane,C,Grant
44747,Luigi,B,Hermiston
61722,Blaise,B,Turcotte
467,Lorna,C,Okuneva
93355,Alice,A,Gerhold
12681,Anya,A,Cormier
97797,Derrick,B,Runolfsdottir
14562,Ernestina,C,MacGyver
90612,Clotilde,C,Gorczany
505,Delores,B,Schmidt
89108,Robbie,C,Schinner
42339,Bella,A,Wyman
61538,Mona,C,Dare
56332,Dorris,B,O'Kon
64612,Talia,A,Larkin
13377,Kaley,C,Reilly
33282,Angelita,A,Schuster
48291,Bessie,B,Moen
1162,Branson,B,Stiedemann
52910,Adriana,B,Reynolds
81969,Jeremy,B,Mohr
78529,Jalon,B,Doyle
83857,Maida,C,Krajcik
73212,Karolann,A,Oberbrunner
41047,Linnea,A,Goodwin
19490,Eulalia,C,Breitenberg
19891,Dayton,A,Klein
70510,Van,C,Schowalter
10913,Crystal,B,Jakubowski
38293,Brad,B,Greenholt
72218,Katlyn,A,Graham
81649,Cecilia,B,Willms
38392,Mckenna,A,Schaden
16601,Sydni,B,Shields
82014,Tanya,B,Douglas
78897,Kaitlyn,C,Schmitt
31452,Felicity,A,Sporer
23613,Myah,C,Weimann
20049,Harmony,A,Yost
63970,Marisol,C,Jaskolski
15865,Emiliano,A,Yundt
11039,Viviane,B,Huels
25239,Dolores,C,Hartmann
89929,Gussie,C,Hirthe
36241,Madelynn,C,Barrows
41496,Newton,C,Lemke
50866,Erwin,C,Lind
38527,Joy,B,Cole
58075,Ramona,A,O'Reilly
6101,Deja,B,Walsh
75558,Gillian,A,Ratke
22435,Raoul,A,Roberts
72755,Adelbert,A,Watsica
42106,Keven,B,Jakubowski
81569,Dorian,B,Abernathy
82527,Giovanni,A,Kuvalis
91936,Luther,B,Bruen
67012,Javon,C,Wisozk
58064,Birdie,B,Kozey
61567,Duane,C,Kautzer
83519,Winona,B,Satterfield
84269,Kevin,B,Jast
79522,Queenie,B,Schoen
49300,Jamaal,C,Bayer
13340,Domenica,B,Hilll
5473,Nakia,A,Jacobson
82536,Sheldon,C,Marks
11024,Nia,A,Hermiston
22200,Sylvester,A,Friesen
145,Roy,C,Nader
81481,Kayla,B,Borer
93401,Santos,A,Spinka
28342,Robert,C,Hermiston
23018,Javier,A,Collier
35963,Mabel,B,Ebert
31690,Richard,C,Kling
83007,Frank,A,Bashirian
87737,Jake,A,Hilll
25817,Kay,B,Stark
3292,Edward,B,Mueller
6121,Alexzander,C,Bosco
13073,Richard,B,Bednar
66308,Eino,C,Mann
21271,Asha,A,Stokes
60696,Uriel,A,Bartell
32346,Jazmin,C,Roberts
89013,Marisol,C,Thiel
402,Shanel,A,Hodkiewicz
99126,Jerrell,B,McCullough
94952,Jordan,C,Quigley
68981,Floy,C,Hermann
67679,Leslie,C,Homenick
36980,Alexzander,A,Koepp
36043,Asha,A,Powlowski
98350,Giovanni,A,Reichel
56860,Fae,B,Rice
84235,Jorge,C,Kutch
21514,Maci,C,Sanford
50210,Christophe,A,Nienow
52544,Estefania,A,Parker
39143,Jodie,A,Smitham
58005,Carmella,A,Kihn
9294,Marjorie,B,Rippin
93616,Wilton,A,Pfeffer
95503,Alisa,B,Leffler
55763,Lupe,A,Runte
69504,Muhammad,C,Lakin
56273,Joshua,A,Gleason
89784,Morris,B,Kuphal
4417,Herman,B,Koss
43904,Bettye,C,Greenholt
22219,Sonny,B,Hettinger
77969,Maribel,A,Schowalter
86440,Vallie,C,Bauch
33182,Uriel,C,Stehr
6145,Aaliyah,B,Thiel
71519,Devyn,C,Lueilwitz
66094,Phyllis,B,Lebsack
56510,Millie,C,Breitenberg
10409,Mikel,A,Brown
17131,Lysanne,B,Kris
7189,Corine,A,Brown
35416,Hipolito,A,Kunde
98205,Reynold,B,Gutkowski
9002,Orval,C,Zulauf
20934,Shannon,C,Herzog
83892,Oceane,C,Kuvalis
38621,Loyal,A,Mertz
58140,Rocio,B,Williamson
87828,Blanche,C,Parker
90305,Davin,A,Stroman
60723,Aniya,C,Weissnat
97858,Finn,C,Willms
27666,Dixie,C,Conn
53333,Hilbert,C,Simonis
87784,Mauricio,C,Wisoky
5304,Mercedes,B,Miller
48192,Connie,C,Hegmann
5923,Lulu,C,Oberbrunner
54746,Linda,A,Crist
16935,Trisha,A,Zulauf
71888,Coy,C,Luettgen
40133,Everett,C,Gerlach
47830,Olin,B,Gusikowski
8918,Madalyn,C,Lueilwitz
64373,Jaylan,C,Pouros
36884,Valentin,B,Koepp
38186,Melissa,A,Dickens
4236,Bailey,B,Upton
42209,Jarrod,B,Williamson
81335,Madyson,C,Labadie
52837,Dino,B,MacGyver
42612,Wilson,A,Schaden
67167,Retta,C,Borer
94995,Flo,B,Koelpin
80730,Nickolas,C,Heidenreich
57622,Savion,C,Hessel
31957,Kaitlyn,A,Mohr
38230,Arden,A,Gibson
71509,Marvin,B,Barrows
47849,Jayde,A,Dietrich
44765,Alice,C,Moore
10475,Marilou,B,Cole
10184,Summer,A,Rowe
20346,Chanelle,B,Reichel
65399,Melba,C,Gislason
63596,Brandt,A,Robel
51385,Pedro,B,Harber
84720,Moises,B,Roberts
98262,Tre,B,Reichel
22600,Darion,C,Crona
82779,Claudine,A,Ebert
88240,Ova,C,Moore
63630,Tremayne,B,Feest
54612,Abigail,A,Harris
39347,Ursula,C,Frami
29523,Katarina,B,Quitzon
60417,Bella,A,Kreiger
76003,Holly,B,Ziemann
13020,Jordane,A,Wolff
410,Raquel,B,Klein
16578,Rasheed,A,Conroy
96222,Pansy,B,Botsford
99795,Concepcion,A,Windler
38946,Leonor,B,Monahan
93711,Kailey,A,Larkin
99553,Aletha,C,Okuneva